,client_id,name,date_of_birth,country
0,C0001,Allison Hill,1993-08-01,Finland
1,C0002,Noah Rhodes,1972-04-15,France
2,C0003,Angie Henderson,1990-06-23,Denmark
3,C0004,Daniel Wagner,1995-10-15,Spain
4,C0005,Cristian Santos,2003-07-27,Belgium
5,C0006,Connie Lawrence,1980-04-19,Sweden
6,C0007,Abigail Shaffer,2003-10-28,France
7,C0008,Gina Moore,1954-05-03,Austria
8,C0009,Gabrielle Davis,1972-08-15,Germany
9,C0010,Ryan Munoz,1953-03-02,Switzerland
10,C0011,Monica Herrera,1988-04-26,Italy
11,C0012,Jamie Arnold,1994-06-27,Spain
12,C0013,Lisa Hensley,1995-02-11,Italy
13,C0014,Michele Williams,1974-07-27,Finland
14,C0015,Dylan Miller,1948-11-23,Belgium
15,C0016,Brian Ramirez,1959-07-13,Sweden
16,C0017,Holly Wood,1969-10-02,Norway
17,C0018,Derek Zuniga,1960-10-30,France
18,C0019,Lisa Jackson,1999-07-20,Denmark
19,C0020,Carla Gray,1978-03-22,Belgium
20,C0021,Margaret Hawkins DDS,1978-06-27,Spain
21,C0022,Patty Perez,1971-12-30,Denmark
22,C0023,Ethan Adams,1961-05-30,Italy
23,C0024,Tommy Walter,1962-05-06,Denmark
24,C0025,Matthew Foster,1972-08-24,Denmark
25,C0026,Judy Baker,1997-10-05,Denmark
26,C0027,Justin Baker,1985-11-15,Finland
27,C0028,Stephanie Ross,1976-05-26,Austria
28,C0029,Zachary Hicks,1959-04-06,Denmark
29,C0030,Anthony Rodriguez,1978-09-01,Italy
30,C0031,Rebecca Henderson,2000-04-16,Netherlands
31,C0032,James Ferrell,1967-01-27,Switzerland
32,C0033,Tricia Valencia,1999-04-26,Norway
33,C0034,Nathan Maldonado,1967-05-04,Denmark
34,C0035,Debra Davidson,1944-02-05,Denmark
35,C0036,Jeffrey Chavez,1949-06-12,Switzerland
36,C0037,Sherri Baker,1990-04-10,Finland
37,C0038,Cassandra Gaines,1973-10-23,Spain
38,C0039,Elizabeth Fowler,1956-02-19,France
39,C0040,Brittany Farmer,1989-11-27,Austria
40,C0041,Paula Moreno,1996-07-19,Belgium
41,C0042,Fred Smith,1987-09-28,Germany
42,C0043,Sherry Decker,1952-10-22,Belgium
43,C0044,Anthony Humphrey,1958-02-08,Norway
44,C0045,Angelica Tucker,1947-11-28,Switzerland
45,C0046,Philip Cannon,2005-08-27,Finland
46,C0047,John Pierce,1992-08-29,Sweden
47,C0048,Shane Henderson,1972-09-24,Italy
48,C0049,Joshua Blair,1993-03-16,Spain
49,C0050,Eric Carney,1986-12-26,Netherlands
50,C0051,Jessica Holmes,1973-12-05,Germany
51,C0052,Danny Morgan,1943-07-03,Denmark
52,C0053,Crystal Robinson,1968-09-26,Sweden
53,C0054,Mark Perez,1982-05-30,Italy
54,C0055,Shannon Jones,1986-11-12,Sweden
55,C0056,Michael Lewis,2006-10-08,Italy
56,C0057,Timothy Duncan,1945-08-16,Belgium
57,C0058,Richard Aguirre,1961-03-17,France
58,C0059,Brent Jordan,2000-04-10,Norway
59,C0060,John Daniel,1997-06-30,Finland
60,C0061,Victoria Garcia,1945-07-21,Sweden
61,C0062,Gerald Hensley,1991-06-10,Denmark
62,C0063,Connor West,1946-11-17,Germany
63,C0064,Donald Wright,1973-11-21,Norway
64,C0065,Jessica Callahan,1953-05-07,Sweden
65,C0066,Amber Kidd,1982-03-10,Spain
66,C0067,Tracy House,1960-01-10,Sweden
67,C0068,Carol Tucker,1950-06-24,France
68,C0069,James Brown,1979-07-16,Italy
69,C0070,William Baker,2004-10-13,Sweden
70,C0071,Jordan Henderson,1977-10-20,France
71,C0072,Whitney Peters,2007-07-05,Finland
72,C0073,Brittney Phillips,2000-04-16,Belgium
73,C0074,Lauren Daniels,2003-02-23,Belgium
74,C0075,Amy Silva,1942-04-27,Switzerland
75,C0076,Sarah Moore,1945-05-08,Sweden
76,C0077,Angela Lopez,1990-10-26,Norway
77,C0078,Megan Young,1947-04-23,Austria
78,C0079,Steve Sanchez,1955-05-18,Belgium
79,C0080,Lisa Barnes,1994-09-10,Spain
80,C0081,Kelly Donovan,1962-01-17,Spain
81,C0082,Mike Allen,1948-07-28,Denmark
82,C0083,Michael Evans,1995-07-13,Spain
83,C0084,Paul Jones,1964-06-26,France
84,C0085,Zachary Ferrell,1983-05-11,Sweden
85,C0086,Daniel Baker,1950-06-14,Spain
86,C0087,Shirley Suarez,1984-03-26,Austria
87,C0088,Christopher Bass,1976-07-10,Austria
88,C0089,Lisa Archer,1995-07-19,Denmark
89,C0090,Aimee Montoya,2006-06-24,France
90,C0091,Matthew Mcmillan,1986-01-19,Austria
91,C0092,Brian Rodriguez,1946-05-08,Spain
92,C0093,Denise Jacobs,2000-05-19,Spain
93,C0094,Christina Walters,2007-01-23,Switzerland
94,C0095,John Whitehead,1949-03-31,Spain
95,C0096,Anna Henderson,1945-06-07,France
96,C0097,Aaron Wise,1970-04-30,Netherlands
97,C0098,Deborah Figueroa,2000-03-04,Netherlands
98,C0099,Jessica Smith,2000-10-16,Austria
99,C0100,Stephen Mckee,1942-11-28,Germany
100,C0101,Sandra Aguilar,1999-11-25,Belgium
101,C0102,Cameron Parker,1984-07-11,Norway
102,C0103,Rebecca Valencia,1998-09-01,France
103,C0104,Christine Wright,1956-06-22,Norway
104,C0105,Richard Henson,1975-10-26,Norway
105,C0106,Marc Moore,2001-09-28,Belgium
106,C0107,Sharon Cherry,1953-09-21,Norway
107,C0108,Sierra Johnson,1941-03-18,Switzerland
108,C0109,Evelyn Galvan,1980-09-08,Finland
109,C0110,Sharon Cochran,1967-04-20,Switzerland
110,C0111,Richard Rodriguez,1957-06-16,Denmark
111,C0112,Shannon Walker,1968-12-28,Italy
112,C0113,Julia Torres,1998-08-08,Austria
113,C0114,Crystal Johnson,1995-07-07,Sweden
114,C0115,Garrett Lin,1979-12-01,Switzerland
115,C0116,Diana May,1991-02-17,Belgium
116,C0117,William Herrera,1976-02-10,Switzerland
117,C0118,Ashley Waller,1987-01-03,Sweden
118,C0119,Victor Baker,1968-10-10,Denmark
119,C0120,Jeffrey Chandler,1940-08-22,Denmark
120,C0121,Larry Dixon,1968-09-14,Belgium
121,C0122,Kenneth Scott,1990-04-01,Belgium
122,C0123,April Frost,1993-11-03,Germany
123,C0124,Michelle Harmon,1973-03-27,Norway
124,C0125,Helen Jones,1981-02-22,France
125,C0126,Erin Edwards,1973-12-03,Austria
126,C0127,Michelle Evans,1975-07-23,Belgium
127,C0128,Jason Powell,1953-04-04,Netherlands
128,C0129,Cameron Fisher,2007-02-21,Germany
129,C0130,Megan Orr,1974-05-28,Finland
130,C0131,Elizabeth Kelley,1950-11-15,Finland
131,C0132,Dustin Jordan,1952-11-09,Netherlands
132,C0133,Mary Marshall,1993-07-06,Finland
133,C0134,Daniel Kennedy,1987-11-09,Netherlands
134,C0135,Rebecca Jackson,1959-10-28,Sweden
135,C0136,Jose Schultz,1989-01-06,Germany
136,C0137,Robert Potter,2002-03-07,Italy
137,C0138,Courtney Gonzalez,2002-02-09,France
138,C0139,David Alvarez,1975-09-11,Belgium
139,C0140,Angel Perry,1961-11-08,Spain
140,C0141,Cheyenne Horton,1988-04-15,Germany
141,C0142,David Douglas Jr.,1985-01-16,Netherlands
142,C0143,Patricia Rodriguez,1985-02-26,Spain
143,C0144,Christopher Rubio,1976-04-03,Germany
144,C0145,Amber Wright,1994-01-30,Netherlands
145,C0146,Joyce Solis,1947-05-04,France
146,C0147,Victoria Larson,1949-02-26,Switzerland
147,C0148,Stephanie Salazar,1978-04-25,Netherlands
148,C0149,Kathy Rivas,1983-01-24,Italy
149,C0150,Stephanie Manning,1972-07-14,Switzerland
150,C0151,David Wright,1962-09-27,Sweden
151,C0152,Pamela Boyd,1955-09-10,Sweden
152,C0153,Denise Jones,1965-08-06,Belgium
153,C0154,Devon Flores,1974-05-19,Norway
154,C0155,Brenda Hall,1974-07-30,Belgium
155,C0156,Michelle Brown,1952-02-29,Finland
156,C0157,Joshua Perry,1967-01-09,Norway
157,C0158,Jason Stein,1942-06-28,Spain
158,C0159,Melissa Gates,1983-04-08,Netherlands
159,C0160,Jamie Smith,1952-08-23,Sweden
160,C0161,Paul Castaneda,1982-02-11,Spain
161,C0162,Jennifer Adkins,1998-09-06,Italy
162,C0163,Lindsey Walker,1966-09-15,Belgium
163,C0164,Jeffrey Johnson,1968-12-03,Switzerland
164,C0165,Michael Powell,1955-03-09,Spain
165,C0166,John Anderson,1969-11-09,Germany
166,C0167,Alyssa Long,1983-01-13,Denmark
167,C0168,Alyssa Day,1958-09-10,Finland
168,C0169,Joel Williams,1984-10-04,Norway
169,C0170,Daniel Murphy,1969-01-24,Sweden
170,C0171,Jamie Walton,2007-03-08,Switzerland
171,C0172,Darlene Miller,1981-01-08,Norway
172,C0173,Joshua Cooke,1965-12-25,Austria
173,C0174,Matthew Harrington,1950-09-13,France
174,C0175,Nicole Herring,1941-12-27,Finland
175,C0176,Alex Hernandez,1985-09-12,Belgium
176,C0177,Michael Elliott,1970-11-29,Denmark
177,C0178,Michael Wang,1965-07-04,France
178,C0179,Lawrence Adkins,1968-04-26,France
179,C0180,Robert Oconnell,1989-08-02,Netherlands
180,C0181,Alexander Collins,1975-12-18,Norway
181,C0182,Tina Sanders,1997-12-22,Spain
182,C0183,Angela Vaughn,1982-08-25,Spain
183,C0184,Ashley Barton,1944-02-03,France
184,C0185,Lindsay Martinez,1988-09-13,Finland
185,C0186,Dr. Hannah Patterson,2007-06-17,Spain
186,C0187,Jonathan Peterson,1979-05-19,Finland
187,C0188,Samantha Garcia,1941-01-01,Netherlands
188,C0189,Madison Poole,1976-06-16,Austria
189,C0190,Jessica Gross,1989-12-20,Denmark
190,C0191,Debra Morton,1939-11-14,Norway
191,C0192,Karen Graham,1967-01-06,Norway
192,C0193,Debra Christian,1943-01-20,Sweden
193,C0194,Angelica Keith,1950-06-04,Finland
194,C0195,John Bishop,1947-01-07,Switzerland
195,C0196,Allen Rosales,1975-09-26,Switzerland
196,C0197,Daniel Salinas,1940-12-21,Denmark
197,C0198,Spencer Haynes,1977-03-30,Austria
198,C0199,Adam Vaughan,1998-03-19,France
199,C0200,Nathan Freeman,1973-02-28,Italy
200,C0201,Melissa Brewer,1997-06-03,Germany
201,C0202,Ricky Davis II,1978-02-02,Finland
202,C0203,Elizabeth Perkins,1987-08-19,France
203,C0204,Joseph Coleman,1999-01-12,Spain
204,C0205,Erin Warner,1964-11-16,Austria
205,C0206,David Martinez,1954-07-23,France
206,C0207,Bryan Herrera,1954-02-05,Norway
207,C0208,Cathy Robinson,2004-10-20,Spain
208,C0209,Dr. William Warren,1946-08-22,Italy
209,C0210,Brian Lee,1969-02-01,Spain
210,C0211,Christopher Smith,1978-12-11,France
211,C0212,Denise Mccann,1973-01-07,Austria
212,C0213,Melissa Martinez,2004-01-24,Italy
213,C0214,Katherine Salas,1956-05-30,Austria
214,C0215,Julie Alexander,1990-09-30,Sweden
215,C0216,Anthony Everett,2004-01-22,Norway
216,C0217,Rodney Morales,2004-06-29,Denmark
217,C0218,Mark Brown,1953-06-15,Austria
218,C0219,Justin Torres,1984-07-21,Switzerland
219,C0220,Bailey Duran DDS,1959-03-08,France
220,C0221,Courtney Mills,1949-03-10,Italy
221,C0222,Jeremy Dalton,1959-04-02,Spain
222,C0223,Elizabeth Oliver DDS,1975-07-08,Austria
223,C0224,Theresa Clark,2004-11-07,Netherlands
224,C0225,Matthew Moore,1963-04-29,Denmark
225,C0226,Benjamin Smith,1998-09-13,Netherlands
226,C0227,Kirk Carter,2004-04-06,France
227,C0228,Michael Warner,2004-09-26,Germany
228,C0229,Michael Bradshaw,1977-06-14,Austria
229,C0230,Lori Guerrero,1992-10-29,France
230,C0231,Jessica Stephens,1947-09-01,Switzerland
231,C0232,Susan Serrano,1960-05-28,Norway
232,C0233,Christopher Parker,1993-05-22,Switzerland
233,C0234,Laura Roberts,1993-10-21,Netherlands
234,C0235,Michael Lyons,1967-10-30,Denmark
235,C0236,Kathryn Snyder,1959-01-31,Finland
236,C0237,Andrew Reynolds,1982-07-09,Norway
237,C0238,David Davis,1976-06-26,Finland
238,C0239,Sara Johnston,1968-09-03,Norway
239,C0240,Yvonne Chambers,1991-10-29,Netherlands
240,C0241,Andrew Avila,1962-11-22,Spain
241,C0242,Matthew Moon,1960-07-17,Sweden
242,C0243,Kevin Walters,1964-08-14,Spain
243,C0244,Brandon Bailey MD,1945-07-02,Spain
244,C0245,Shannon Rivera,1960-09-30,Austria
245,C0246,Donna Landry,1988-01-05,Germany
246,C0247,Krista Gibson,1940-09-27,Switzerland
247,C0248,Frank Cordova,1945-12-30,Spain
248,C0249,Jose Travis,1973-03-06,France
249,C0250,Kimberly Gutierrez,1996-03-23,Austria
250,C0251,Isaiah Avila,1975-12-24,Norway
251,C0252,Olivia Harris,1959-03-03,Netherlands
252,C0253,Tanya Kim,1944-03-12,Germany
253,C0254,Barbara Dudley,1945-05-09,Italy
254,C0255,Cynthia Moore,1974-02-25,Switzerland
255,C0256,Kristen Davis,1971-11-08,Netherlands
256,C0257,Susan Murray MD,1941-05-21,Belgium
257,C0258,Kathleen Moran,1977-01-21,Austria
258,C0259,Denise Davenport,1976-08-29,Austria
259,C0260,Mrs. Kristen Reyes,1945-01-08,Netherlands
260,C0261,Katie Suarez,1996-03-15,France
261,C0262,Desiree Tyler,1955-09-03,France
262,C0263,Timothy Romero,1967-09-15,Norway
263,C0264,Diane Evans,1959-12-23,Sweden
264,C0265,Yvonne Burns,1940-03-03,Spain
265,C0266,Joshua Reed,1965-02-21,Finland
266,C0267,Kimberly Gibson,1949-04-08,Switzerland
267,C0268,Colin Terry,1975-04-22,Belgium
268,C0269,Cynthia Rowe,1983-03-08,Belgium
269,C0270,Patrick Thornton,1984-05-09,France
270,C0271,Jasmin Alvarado,1946-04-06,Finland
271,C0272,Veronica Simpson,1939-10-26,Switzerland
272,C0273,Jonathan Lawrence,1995-05-06,Switzerland
273,C0274,Shelly Alexander,1978-02-14,Germany
274,C0275,Joyce Bowen,1969-08-12,Finland
275,C0276,Matthew Moore,1991-03-27,Netherlands
276,C0277,Wayne Morgan,2000-11-01,Switzerland
277,C0278,Marie Christian,1990-09-22,Austria
278,C0279,Shannon James,1994-08-07,Norway
279,C0280,Nathan Malone,1970-12-22,Austria
280,C0281,Amanda Jones,1951-03-03,Germany
281,C0282,Tammie Bright,2001-04-04,Austria
282,C0283,Jessica Garcia,1993-07-11,Spain
283,C0284,Shelia Wallace,1945-07-19,Norway
284,C0285,Stephanie Williams,2001-05-26,Germany
285,C0286,Elaine Brooks,1969-07-07,France
286,C0287,Joseph Knight,1991-11-02,Spain
287,C0288,Carolyn Miller,1978-11-23,Spain
288,C0289,Lisa Allen,1950-01-10,Switzerland
289,C0290,Briana Murray,1953-03-20,Norway
290,C0291,David Smith,1999-10-04,Finland
291,C0292,Stephanie Byrd,1995-04-29,Denmark
292,C0293,Jeremy Reed,1980-04-03,Denmark
293,C0294,Margaret Coleman,1997-05-24,France
294,C0295,Ryan Gonzalez,1984-11-06,Belgium
295,C0296,John Young,1987-08-14,Spain
296,C0297,Laura Haney,1949-09-06,Norway
297,C0298,William Barrett,1947-03-29,Netherlands
298,C0299,Keith Jennings,1978-03-23,Finland
299,C0300,Amber Obrien,1970-08-25,Austria
300,C0301,Tanner Mitchell DDS,1997-08-26,France
301,C0302,Heather Fields,1973-10-02,Norway
302,C0303,Megan Le,1982-01-11,Belgium
303,C0304,Sara Fuller,1978-09-20,Germany
304,C0305,Maria Parker,1973-06-07,Belgium
305,C0306,Kevin Oconnor,2000-05-19,Switzerland
306,C0307,Edward Burgess,1971-01-07,Belgium
307,C0308,Carlos Ryan,1947-09-07,Switzerland
308,C0309,Kiara Mcintyre,1956-04-05,Sweden
309,C0310,Dawn Summers,1944-01-14,Belgium
310,C0311,Dr. Paul Morgan,2002-01-02,Finland
311,C0312,Victor Taylor,1965-10-15,Switzerland
312,C0313,Shannon Ramsey,2004-06-25,France
313,C0314,Tracy Ballard,2004-08-31,Switzerland
314,C0315,Richard Smith,2002-05-14,Austria
315,C0316,Jordan Chambers,1940-09-27,Austria
316,C0317,Lauren Carson,1972-05-18,Norway
317,C0318,Ashley Hall,1951-10-03,Austria
318,C0319,Stephen Hoffman,1995-12-16,Italy
319,C0320,Connie Brown,1955-03-06,Italy
320,C0321,Susan Turner,1994-05-23,Italy
321,C0322,Charles Shah,1954-09-02,Austria
322,C0323,Johnathan Davis,1970-09-14,Spain
323,C0324,Brandy Chavez,2002-12-22,Belgium
324,C0325,Natalie Bautista,1967-04-13,Italy
325,C0326,Patrick Moore,1993-01-19,Sweden
326,C0327,Brett Burns,2006-09-08,Sweden
327,C0328,Trevor Johnson,1948-01-26,Netherlands
328,C0329,Jeremy Sampson,1982-11-24,Italy
329,C0330,Ariana Jennings,1943-10-10,Austria
330,C0331,Vanessa Howard,2001-04-29,Switzerland
331,C0332,Colton Martinez,1991-03-20,Austria
332,C0333,Jordan Bates,1945-06-24,Netherlands
333,C0334,Linda Smith,1976-08-19,Germany
334,C0335,Dana Martinez,1967-11-11,Netherlands
335,C0336,Andrea Hubbard,1955-07-07,France
336,C0337,Daniel Kane,1992-12-20,Belgium
337,C0338,Charles Lester,1987-12-03,Finland
338,C0339,Scott Thomas,1969-12-02,Finland
339,C0340,David Thompson,1973-01-18,Austria
340,C0341,Allison Smith,1947-04-23,Austria
341,C0342,Cynthia Morris,1989-01-30,France
342,C0343,Anthony Harmon,1942-06-18,Belgium
343,C0344,Nichole Alvarez,1972-01-19,Italy
344,C0345,Kayla Rodriguez,1943-04-12,Netherlands
345,C0346,Theresa Williams,1971-03-20,Norway
346,C0347,Sharon Boyd,1945-06-10,Austria
347,C0348,Victor Brown,1946-03-02,Italy
348,C0349,James Parks,1959-01-01,Italy
349,C0350,Theodore Jones Jr.,1982-08-24,France
350,C0351,Ana Hill,1958-04-25,Spain
351,C0352,Kimberly Nguyen,2002-03-02,Finland
352,C0353,Kerry Chavez DDS,1946-08-29,Spain
353,C0354,Michael Farrell,1957-09-17,Denmark
354,C0355,Patricia Le,1987-12-05,Netherlands
355,C0356,Jesse Perez,1990-11-30,Norway
356,C0357,Jesse Perry,1965-06-30,Austria
357,C0358,Jeffery Ortega,1994-11-17,Austria
358,C0359,Christian Leblanc,2006-05-29,Spain
359,C0360,Ronald Davis,1988-07-07,Austria
360,C0361,Parker Cain,1974-02-26,Norway
361,C0362,Laurie Hoffman,1956-09-24,Belgium
362,C0363,Bryan Gomez,1964-09-09,Sweden
363,C0364,Nicole Parrish,1959-03-13,Denmark
364,C0365,Tracy Burke,1944-11-21,Netherlands
365,C0366,Kenneth Lewis,1999-04-14,Denmark
366,C0367,Courtney Rodriguez,1971-04-25,Finland
367,C0368,Holly Farmer,1996-01-03,Belgium
368,C0369,Renee Bruce,1994-12-29,Germany
369,C0370,Sabrina Austin,1969-08-05,Netherlands
370,C0371,Allison Hickman,1966-07-23,Switzerland
371,C0372,Debra White,1962-02-11,Spain
372,C0373,Ellen Morgan,1989-04-11,Sweden
373,C0374,Sergio Knight,1954-11-07,Denmark
374,C0375,Charles Schultz,1984-05-20,Germany
375,C0376,Paul Lewis,1996-10-04,Spain
376,C0377,Glen Wood,1976-12-06,Norway
377,C0378,Paula Bradley,1989-04-18,Austria
378,C0379,Anthony Moore,1974-12-26,Switzerland
379,C0380,Megan Nelson,2005-12-15,Switzerland
380,C0381,Karla Ramos,1987-07-09,Austria
381,C0382,Paul Wilson,1962-10-25,Switzerland
382,C0383,Douglas Gregory,1952-09-04,Switzerland
383,C0384,Mr. Andrew Foster,1949-03-23,France
384,C0385,Aimee Turner,1957-12-18,Belgium
385,C0386,Chad Scott,1977-02-03,Norway
386,C0387,Adam Burgess,1961-10-31,Switzerland
387,C0388,James Padilla,1970-08-08,Denmark
388,C0389,Sandra Drake,1957-04-04,Netherlands
389,C0390,Scott Williams,2000-10-05,Finland
390,C0391,Thomas Atkins,1944-04-01,France
391,C0392,Laura Mckinney,1962-05-01,Denmark
392,C0393,Brian Smith,1982-10-03,Switzerland
393,C0394,Robert Montgomery,1989-09-27,Belgium
394,C0395,Tamara Davis,2002-03-06,Austria
395,C0396,Dana Chapman,2002-10-19,Italy
396,C0397,Jennifer Collins,1991-06-29,Switzerland
397,C0398,Gary Jackson,1966-01-20,Germany
398,C0399,Ashley Hicks,1982-06-10,Sweden
399,C0400,Hannah Luna,1960-11-23,Sweden
400,C0401,Robin Young,1973-05-26,Switzerland
401,C0402,Craig Morrison,1946-03-27,Finland
402,C0403,Mary Thompson,1964-06-23,Austria
403,C0404,Kathleen Webster,1998-06-01,France
404,C0405,Joann Glass,1956-11-10,Italy
405,C0406,Madison Weber,1996-01-23,Netherlands
406,C0407,Lori Hernandez,1973-11-17,Belgium
407,C0408,Jeremy Turner,1949-02-17,Denmark
408,C0409,Anthony Romero,1973-10-23,Spain
409,C0410,Jesse Brown,1960-06-27,Denmark
410,C0411,Angela Lin,1977-12-19,Netherlands
411,C0412,Lisa Hunter,1965-10-12,France
412,C0413,Julian Conner,1998-09-21,Austria
413,C0414,Joanna Pacheco,1968-09-21,Spain
414,C0415,Erica Alvarez,1993-06-03,Netherlands
415,C0416,Antonio Garcia,2003-03-09,Austria
416,C0417,Gwendolyn Klein,1993-06-25,France
417,C0418,Carrie Wright,1990-01-28,Austria
418,C0419,Jeffrey Mills,1959-09-13,Finland
419,C0420,Jake Campbell,1953-10-27,Finland
420,C0421,George Harper,1988-01-15,Denmark
421,C0422,Maria Jones,1994-12-06,Norway
422,C0423,Michael Mitchell,1955-04-02,Netherlands
423,C0424,Mary Escobar,1960-05-02,Austria
424,C0425,Felicia Aguilar,1951-04-26,Italy
425,C0426,Gregory Ponce,1994-08-27,Italy
426,C0427,Jenna Larson,1962-07-21,Spain
427,C0428,Emily Bennett,1972-05-13,Belgium
428,C0429,Robin Santiago,1949-07-09,Denmark
429,C0430,Nancy Jennings,1979-09-23,Denmark
430,C0431,Maria Henderson,2005-07-16,Italy
431,C0432,Jack White,1976-06-14,Norway
432,C0433,Travis Tucker,1981-07-12,Sweden
433,C0434,Chad Jones,1980-10-20,France
434,C0435,Ashley Wise,1978-03-02,Germany
435,C0436,Sophia Johnson,2007-03-22,Germany
436,C0437,Ralph Anderson,1990-11-11,Switzerland
437,C0438,Christopher Guerra,1985-06-20,Denmark
438,C0439,Rhonda Martin,2004-06-04,Netherlands
439,C0440,Jason Rhodes,1962-04-22,Norway
440,C0441,Jeremy Mitchell,1966-08-12,Germany
441,C0442,Joann Ferguson,1974-07-23,Germany
442,C0443,Robert Harrison,1953-11-27,Belgium
443,C0444,Holly Valentine,1998-12-12,Austria
444,C0445,Mrs. Diane Reyes,1960-12-02,Norway
445,C0446,Tracy Montoya,1993-12-25,Sweden
446,C0447,Brenda Wright,1978-10-07,Netherlands
447,C0448,Shelly Spencer,1941-03-25,Austria
448,C0449,Ryan Rosales,2004-07-10,Austria
449,C0450,Phillip Nelson,1956-01-17,Denmark
450,C0451,Brittany Kim,1993-12-05,Finland
451,C0452,Courtney Hayes,1951-07-18,Belgium
452,C0453,Alexander Brown,1965-10-13,Germany
453,C0454,Cynthia Vang,1999-06-09,Switzerland
454,C0455,Alfred Galvan,1966-02-06,Norway
455,C0456,Marie Moody,1940-03-29,Austria
456,C0457,Dustin Gallegos,1942-10-21,Spain
457,C0458,Brenda Thornton,1994-08-19,Belgium
458,C0459,Aaron Miller,1980-01-09,Austria
459,C0460,Ruben Dunn,1978-01-18,Italy
460,C0461,Kelsey Rodriguez,1949-02-01,Spain
461,C0462,Eric Williams,1995-03-06,Spain
462,C0463,Riley Bryant,1966-09-14,Switzerland
463,C0464,Taylor Carlson,1960-06-04,Denmark
464,C0465,Jose Allen,1947-07-22,Belgium
465,C0466,Jeffrey Mendez,1997-06-26,Spain
466,C0467,Jason Beck,1995-02-04,Germany
467,C0468,William Jones,1999-10-16,Sweden
468,C0469,Katie Mcneil,1964-09-11,Belgium
469,C0470,Jeanette Harrison,1955-02-23,Denmark
470,C0471,Veronica King,1953-07-28,Switzerland
471,C0472,Richard Cooper,1968-02-21,Belgium
472,C0473,Lori Ingram,1943-05-10,Germany
473,C0474,Evelyn Williams,1946-05-03,Belgium
474,C0475,Robin Thompson,1962-11-10,Italy
475,C0476,Julie Dominguez,1993-03-24,Norway
476,C0477,Robin Brown,1979-01-10,Sweden
477,C0478,Judith Carter,2003-10-04,Denmark
478,C0479,Curtis Williams,1973-08-04,Germany
479,C0480,Kaylee Hays,1972-08-24,Switzerland
480,C0481,Dawn Mullins,1964-02-23,Netherlands
481,C0482,Howard Norman,1984-06-03,Norway
482,C0483,Evelyn Martinez,1956-07-18,Germany
483,C0484,Steve Paul,2004-06-25,Finland
484,C0485,Jasmine Beltran,1940-05-08,Spain
485,C0486,Jonathan Glass MD,1954-01-03,Italy
486,C0487,Monica Miller,1987-02-07,Switzerland
487,C0488,Samantha Gardner,1965-11-03,Norway
488,C0489,Bobby Guerrero,1997-07-17,Germany
489,C0490,Lance Simmons,1986-10-03,Netherlands
490,C0491,Heather Williams,1997-03-26,Austria
491,C0492,Heather Bolton,1952-12-18,Norway
492,C0493,William Gould,1951-01-24,Switzerland
493,C0494,Mark Cox,1979-11-28,Belgium
494,C0495,Meghan Cisneros,1963-01-13,Belgium
495,C0496,Lawrence Harrington,1970-09-06,Denmark
496,C0497,Austin Osborne,1944-11-29,Denmark
497,C0498,James Bradley,1968-07-27,France
498,C0499,Meghan Rush,1956-10-20,Netherlands
499,C0500,Phillip Berry,2007-04-28,Switzerland
500,C0501,Jennifer Banks,1980-06-07,Switzerland
501,C0502,Brian Fitzgerald,1970-03-05,Belgium
502,C0503,Mr. Justin Green III,2006-11-29,Finland
503,C0504,Zachary Mitchell,1952-05-26,Germany
504,C0505,Katherine Martinez,1958-11-23,Finland
505,C0506,Jodi Roach,1977-12-04,Sweden
506,C0507,Brandon Fleming,1962-07-16,Spain
507,C0508,Emma Reed,2001-12-31,Netherlands
508,C0509,Joshua Vance,1949-07-16,Italy
509,C0510,Michelle Ho,1952-11-03,Spain
510,C0511,Rebecca Hicks,1954-03-28,Belgium
511,C0512,Curtis Taylor,1956-08-12,Italy
512,C0513,Allison Spencer,1985-10-03,Austria
513,C0514,Robert Arnold,1961-07-07,Spain
514,C0515,Angelica Parker,1994-04-11,Spain
515,C0516,Dr. Kelly Hammond DVM,1955-11-28,Belgium
516,C0517,William Day,1957-03-17,Finland
517,C0518,Michael Cooper,1964-04-29,Italy
518,C0519,Penny Bowman,1986-07-07,Sweden
519,C0520,Vincent Reynolds,1992-11-15,Sweden
520,C0521,Amy Martinez,1983-02-19,Italy
521,C0522,Christopher Morris,1989-04-16,Belgium
522,C0523,Hannah Everett,1989-04-05,France
523,C0524,Sarah King,1984-10-11,Germany
524,C0525,Krista Martinez,1998-05-14,Denmark
525,C0526,Joseph Shaw,1944-01-01,Norway
526,C0527,Todd Moore,1949-09-10,Norway
527,C0528,Michelle Jacobs,1965-10-03,Italy
528,C0529,Kristy Bryan,1988-01-02,Belgium
529,C0530,Angel May,1947-01-11,Denmark
530,C0531,Marilyn Wang,1969-04-01,Norway
531,C0532,Mark Jimenez,2000-02-13,Sweden
532,C0533,Donna Frye,1998-03-07,Austria
533,C0534,Dr. Michael Evans,1950-08-05,Netherlands
534,C0535,Anthony Gonzales,1960-03-28,Belgium
535,C0536,Mr. Lawrence Edwards,1995-10-03,Norway
536,C0537,Morgan Valencia,1943-02-11,Austria
537,C0538,Bianca Wood,2001-12-24,Norway
538,C0539,Emma Owens,1983-03-05,Norway
539,C0540,David Davis,1946-12-12,Germany
540,C0541,James Gilbert,1999-12-25,Belgium
541,C0542,Sean Moore,1964-07-08,Sweden
542,C0543,Kenneth Edwards,1985-07-26,France
543,C0544,Kathleen Robertson,1951-01-12,Sweden
544,C0545,Mr. Alexander Landry MD,1940-10-18,Germany
545,C0546,Cindy Gomez,1961-02-12,Switzerland
546,C0547,Johnny Khan,1958-01-25,Italy
547,C0548,Julie Herrera,2000-09-22,Denmark
548,C0549,Jessica Khan,1965-07-18,Italy
549,C0550,Pamela Diaz,1994-11-01,Denmark
550,C0551,Kelly Lee,1958-03-30,Switzerland
551,C0552,Angel Gordon,1988-02-26,Belgium
552,C0553,Diana Hays,1989-02-16,Switzerland
553,C0554,Barbara Hester,1957-06-17,Norway
554,C0555,Robert Morgan,1997-03-07,Sweden
555,C0556,Nicole Gonzalez,1958-09-27,Italy
556,C0557,Kathryn Williams,1990-09-05,Finland
557,C0558,Gary Wells,1940-07-10,Denmark
558,C0559,Larry Robertson,1952-12-06,Italy
559,C0560,Louis Martin,2005-02-06,Switzerland
560,C0561,Nancy Evans MD,1984-04-28,Italy
561,C0562,Kim Erickson,1945-05-19,France
562,C0563,Robert Richardson,1990-05-27,Belgium
563,C0564,Veronica Silva,1970-06-29,Sweden
564,C0565,Molly Watts,1940-08-07,Denmark
565,C0566,John Coffey,1963-10-09,Germany
566,C0567,Paula Lane,1959-06-05,Germany
567,C0568,Lauren Jackson,1983-08-27,Norway
568,C0569,Lisa Randall,1986-01-03,Netherlands
569,C0570,Michael Johnson,1955-02-18,Denmark
570,C0571,Ashley Smith,1977-01-02,Norway
571,C0572,Christian Vaughn,1971-01-02,France
572,C0573,Reginald Knapp,1977-03-12,Austria
573,C0574,Nancy Brown,1983-02-09,Denmark
574,C0575,Daniel Nguyen,1950-12-31,Switzerland
575,C0576,Kelly Edwards,1958-12-08,Sweden
576,C0577,Thomas Peterson,1954-06-02,France
577,C0578,Raymond Le,1990-04-08,Netherlands
578,C0579,Melissa Bishop,1946-02-16,Sweden
579,C0580,David Grant,1993-08-14,Sweden
580,C0581,William Evans,1992-03-21,Belgium
581,C0582,Daniel Bush,1987-03-29,Austria
582,C0583,Gregory Peck,1942-06-12,Spain
583,C0584,Denise Martinez,1996-04-21,Austria
584,C0585,Jamie Baird,1963-08-08,Spain
585,C0586,Tina Ballard,2001-01-21,Sweden
586,C0587,Dwayne Klein,1960-04-23,Spain
587,C0588,Jeremy Scott,1997-02-02,France
588,C0589,Dale Ryan,2004-02-29,Belgium
589,C0590,Melissa Taylor,1965-06-07,Germany
590,C0591,Laurie Sanchez,2003-03-18,Austria
591,C0592,Kiara Little,1989-08-18,Austria
592,C0593,Jason Love,1949-10-13,Netherlands
593,C0594,Randy Smith,1997-08-03,Switzerland
594,C0595,Tanya Russell,1980-06-01,Sweden
595,C0596,Sherry Woods,1940-01-23,Belgium
596,C0597,Victor Morris,1971-04-20,Switzerland
597,C0598,Susan Davis,1992-07-20,France
598,C0599,Kimberly Sharp,1953-09-30,Norway
599,C0600,Susan Thompson,1949-07-23,Belgium
600,C0601,Casey Gillespie,1943-10-25,Sweden
601,C0602,Jennifer Simpson DVM,2004-09-21,Sweden
602,C0603,Tammy Mcdowell,1977-06-05,Switzerland
603,C0604,Keith Rodriguez,1953-08-23,Norway
604,C0605,Mrs. Virginia Daniels,1962-04-20,Norway
605,C0606,Todd Rosales MD,1954-05-20,Denmark
606,C0607,Brian Martin,1996-11-17,Italy
607,C0608,David Lopez,1998-11-16,Sweden
608,C0609,Rachel Bradley,1942-12-10,Sweden
609,C0610,Casey Chase,2005-01-23,Austria
610,C0611,Samantha Robertson,2001-09-20,Spain
611,C0612,Michael Lopez,1960-04-14,Finland
612,C0613,Franklin Wright,2005-02-09,Belgium
613,C0614,David Molina,1963-04-20,Finland
614,C0615,Elizabeth Sharp,1993-10-20,Finland
615,C0616,Matthew Schwartz,1965-06-13,Netherlands
616,C0617,Bryan Parker,1961-11-15,Italy
617,C0618,Jonathan Jacobson,1984-08-30,Austria
618,C0619,Emily Wilson,1945-10-06,Germany
619,C0620,Elizabeth Mendez,1990-07-13,Finland
620,C0621,Casey Hernandez,1949-08-06,Switzerland
621,C0622,Lisa Perry,1982-07-25,France
622,C0623,Kaitlin Medina,2002-03-03,Switzerland
623,C0624,Colleen Wright,1942-02-04,Sweden
624,C0625,Shelley Miller,1947-04-18,Netherlands
625,C0626,Michael Miller,1983-03-23,Italy
626,C0627,Amy Kelley,2000-09-10,Italy
627,C0628,Laura Hernandez,1973-06-16,Italy
628,C0629,Joseph Wilson,1952-02-01,Finland
629,C0630,Kevin Davis,1951-02-08,Italy
630,C0631,Rhonda Chavez,1983-12-05,Finland
631,C0632,Joyce Brown,1944-02-19,Sweden
632,C0633,Robert Cummings,1973-07-07,Finland
633,C0634,Robert Reese,1953-07-14,Spain
634,C0635,Amber Cooper,1983-11-10,Switzerland
635,C0636,Zachary Michael,1966-06-29,Belgium
636,C0637,Timothy Johnson,1965-09-16,Switzerland
637,C0638,Randy Cannon,1968-01-04,Norway
638,C0639,Maria Fisher,1953-05-30,Finland
639,C0640,Janet Kane DVM,1951-02-26,Austria
640,C0641,Michael Stanley,2002-02-12,Norway
641,C0642,Martha Bailey,1952-04-05,Denmark
642,C0643,Joshua Rice,2000-07-04,Denmark
643,C0644,Courtney Smith,1956-02-18,Sweden
644,C0645,Edwin Nunez,1987-07-31,Germany
645,C0646,Kim Morrow,1951-08-07,Germany
646,C0647,Gregory Hill,1999-04-14,Denmark
647,C0648,Molly Rodriguez,1961-02-17,Spain
648,C0649,Jennifer Miranda,2002-10-06,Germany
649,C0650,Alexis Harris,1950-02-16,Italy
650,C0651,Andrew Harper,1951-07-16,Norway
651,C0652,Amber Yang,1989-11-16,Italy
652,C0653,David Robinson,1957-03-15,Denmark
653,C0654,Amy Gordon,1972-04-13,Belgium
654,C0655,Robert Dennis,2004-05-07,Austria
655,C0656,Kyle Chambers,1941-02-09,Sweden
656,C0657,Eric Thomas,1992-04-01,Switzerland
657,C0658,Connie Turner,1950-05-07,Norway
658,C0659,Travis Hobbs,1970-08-29,Austria
659,C0660,Lori Simmons,1982-06-15,Germany
660,C0661,William David DDS,1997-12-24,Germany
661,C0662,Emma Butler,1951-07-11,Denmark
662,C0663,James Webster,1966-09-13,Italy
663,C0664,Samuel Turner,1998-11-04,Sweden
664,C0665,Renee Melendez,1970-03-19,Germany
665,C0666,Tracy Grant,1985-02-11,Sweden
666,C0667,David Harris,1979-06-16,France
667,C0668,Tammy Boone,1990-04-15,Austria
668,C0669,Nathaniel Lee,2004-02-08,Sweden
669,C0670,Michael Morrison,1959-12-26,Sweden
670,C0671,Chelsea Gill,1990-10-05,Belgium
671,C0672,Kristin Mendoza,1999-03-07,Spain
672,C0673,Felicia Krueger,1945-11-29,Spain
673,C0674,Timothy Hayden,1954-11-02,Belgium
674,C0675,Zachary Mendoza,1991-03-05,Denmark
675,C0676,Larry Harris,1997-12-25,Austria
676,C0677,Kristen Rowe,1941-03-03,Germany
677,C0678,Joseph Howard,1984-06-10,Spain
678,C0679,Jose Crawford,1943-07-29,Belgium
679,C0680,William Harrison,1941-06-09,Switzerland
680,C0681,Suzanne Wood,1986-05-25,Italy
681,C0682,Justin Walker,1979-02-21,Sweden
682,C0683,Dean Donovan,1971-07-10,Switzerland
683,C0684,Jennifer Hernandez,1981-09-25,Sweden
684,C0685,James Whitaker,1972-06-15,Denmark
685,C0686,Mr. Michael Scott PhD,1968-10-09,Sweden
686,C0687,Maria Henry,1995-11-29,Denmark
687,C0688,Robert Jackson,1985-10-16,Norway
688,C0689,Katherine Stark,1988-05-19,Denmark
689,C0690,Maria Brown,1963-11-06,Netherlands
690,C0691,Ryan Landry,2004-06-30,Netherlands
691,C0692,Pamela Gutierrez,1973-09-19,France
692,C0693,Crystal Mann,1953-10-11,Denmark
693,C0694,Jonathan Brooks,2003-11-30,Denmark
694,C0695,Mary Jensen,1969-09-25,Switzerland
695,C0696,Mr. Aaron Arnold,1946-04-22,Denmark
696,C0697,Joseph Hill,1956-03-23,Austria
697,C0698,Alicia Li,1997-08-25,Netherlands
698,C0699,Renee Browning,1987-01-02,Spain
699,C0700,Brent Hernandez,1945-12-31,France
700,C0701,Joseph Ochoa,1963-10-15,Germany
701,C0702,James Watson,1967-03-10,Finland
702,C0703,Karl Branch,1963-01-29,Germany
703,C0704,Michael Abbott,1959-12-02,Sweden
704,C0705,Shannon Malone,1994-03-03,France
705,C0706,James Tran,1948-06-23,Switzerland
706,C0707,Adam Jackson,1950-04-20,Germany
707,C0708,Mr. Richard Knight PhD,1995-07-19,Switzerland
708,C0709,Joseph Williams,1957-10-11,Spain
709,C0710,Sean Clay,1976-05-28,Italy
710,C0711,Anthony Jones,1967-05-15,Germany
711,C0712,Stephanie Elliott,1943-12-06,Austria
712,C0713,Timothy Edwards,1944-03-21,Austria
713,C0714,Laurie Goodwin,2005-06-25,Spain
714,C0715,Jennifer Jones,1943-01-04,France
715,C0716,David Davenport,1979-10-23,Italy
716,C0717,Steven Rivera,2001-07-17,Switzerland
717,C0718,Brenda Hinton,1943-10-25,Denmark
718,C0719,Kathryn Mccann,1947-04-01,Sweden
719,C0720,Jeffrey Roberson,2006-06-16,Spain
720,C0721,Randy Friedman,1990-04-01,Finland
721,C0722,Raymond Johnson,1961-01-27,Italy
722,C0723,Willie Henry,2002-01-18,Netherlands
723,C0724,Todd Reynolds,1983-02-12,Sweden
724,C0725,Mary Miller,1971-07-13,Spain
725,C0726,Rebecca Marquez,1943-01-08,Sweden
726,C0727,Christian Dawson,1971-10-04,Denmark
727,C0728,Nancy Stewart,1992-06-09,Belgium
728,C0729,Aaron Parker,1957-02-12,Italy
729,C0730,Derrick Anderson,1961-06-09,France
730,C0731,Jerry Peters,1942-02-02,Sweden
731,C0732,Alexander Gomez,2002-07-19,Netherlands
732,C0733,Kyle Nguyen,1990-02-25,Austria
733,C0734,Edgar Hughes,1941-01-05,Germany
734,C0735,Steven Stein,1942-06-16,Italy
735,C0736,Laura Jackson,1967-05-29,Spain
736,C0737,Charles Turner,1968-10-20,Italy
737,C0738,Arthur Hamilton MD,1942-12-09,Sweden
738,C0739,Mr. David Wright,1944-08-28,Norway
739,C0740,Linda Gonzalez,1968-12-19,Netherlands
740,C0741,Eric Rush,1960-03-05,Denmark
741,C0742,Manuel Brock,1993-01-12,Norway
742,C0743,George Ochoa,1967-09-02,Denmark
743,C0744,Valerie Taylor,2003-10-10,Austria
744,C0745,Travis Harris,1973-09-17,Norway
745,C0746,Vincent Novak,1978-07-22,Norway
746,C0747,Michael Henry,1946-05-30,Sweden
747,C0748,Dana Bennett,1959-06-08,Denmark
748,C0749,Jenna Wilson,1976-08-01,Norway
749,C0750,Leslie Gardner,1993-05-08,Netherlands
750,C0751,Krista Benton,1951-03-17,Spain
751,C0752,Michael Gonzales,1988-01-16,Finland
752,C0753,Michael Fuentes,1981-01-18,Sweden
753,C0754,Jennifer Porter,1947-07-25,Finland
754,C0755,Dana Hopkins,1989-11-22,France
755,C0756,Rachel Jones,1965-09-15,Austria
756,C0757,Karen Morales DDS,1940-02-16,Italy
757,C0758,Melissa Stephens,1984-12-23,Sweden
758,C0759,Heather Woodard,1963-11-15,Italy
759,C0760,Margaret Miller,1973-10-10,Austria
760,C0761,Mary Kelly,1983-04-12,Switzerland
761,C0762,Amanda Terrell,1969-04-26,Switzerland
762,C0763,Jennifer Goodwin,1970-08-24,France
763,C0764,Jessica Smith,1945-03-16,Austria
764,C0765,Jorge Stone,1962-11-08,Finland
765,C0766,Laura Griffin,1972-03-24,Belgium
766,C0767,Raymond Chapman,1959-02-01,Italy
767,C0768,Haley Johnson,1989-03-19,Netherlands
768,C0769,Jason Nixon,1971-07-10,Italy
769,C0770,Todd Thomas,1950-09-23,Switzerland
770,C0771,Jesse Clark,1946-05-08,France
771,C0772,Mr. Jeffrey Horton,1972-11-04,Finland
772,C0773,Eric Patrick,1973-06-09,Belgium
773,C0774,Samuel Wong,1977-04-15,Netherlands
774,C0775,Carly Riggs,1940-05-03,Denmark
775,C0776,Christopher Moore,1978-07-22,Belgium
776,C0777,Tina Hall,1955-03-07,Finland
777,C0778,Cody Davidson,1947-07-05,Denmark
778,C0779,Allen Mendez,1990-08-12,Sweden
779,C0780,Kevin Price,1987-01-19,Denmark
780,C0781,Christine Goodwin,1946-12-24,Denmark
781,C0782,Amy Garcia,1982-03-22,Italy
782,C0783,Chelsea Nguyen,1970-09-23,Netherlands
783,C0784,Dennis Huffman,1995-09-14,Norway
784,C0785,Margaret Harper,1977-11-17,Finland
785,C0786,Laurie Bailey,2003-05-14,Spain
786,C0787,Lisa Cervantes,1985-07-28,Spain
787,C0788,Elizabeth Mendez,1944-05-22,Finland
788,C0789,Cesar Wilson,1970-07-31,Netherlands
789,C0790,Clayton Steele,1968-11-02,Norway
790,C0791,Jennifer Taylor,1994-02-23,Switzerland
791,C0792,Cody Reid,1948-09-30,Sweden
792,C0793,Maria Cooke,1939-12-18,Germany
793,C0794,Katherine Taylor,1942-12-30,Switzerland
794,C0795,Jerry Brown,1983-06-20,Italy
795,C0796,Adam Taylor,1986-12-24,Denmark
796,C0797,Tracey Wagner,1975-05-15,Netherlands
797,C0798,Michael Perry PhD,1964-03-22,Norway
798,C0799,Bradley Johnson DDS,1983-05-19,Norway
799,C0800,Donald Medina,1956-01-17,Sweden
800,C0801,Jim Newton,1966-07-07,Spain
801,C0802,Krista Wilson,1995-05-11,Germany
802,C0803,Reginald Morrow,1946-03-13,France
803,C0804,Rodney Williams,2007-03-30,Spain
804,C0805,Kimberly Fritz,1977-01-01,Switzerland
805,C0806,Ronald Potter,1965-03-19,Norway
806,C0807,Zachary Cole,2006-03-30,Denmark
807,C0808,Robert Gonzales,1960-09-01,France
808,C0809,Patricia Young PhD,1999-09-05,Belgium
809,C0810,Heather Page,1948-03-20,Germany
810,C0811,Carol Taylor,1955-09-06,Sweden
811,C0812,Daniel Brown,1967-09-01,Belgium
812,C0813,Douglas Ryan,1970-02-12,Norway
813,C0814,Michael Roberts,1979-04-27,Germany
814,C0815,Scott Duke,1946-06-08,Austria
815,C0816,Anna Estes,1960-01-22,Finland
816,C0817,Tamara Riddle,1946-11-23,Denmark
817,C0818,Beth Cline,1980-04-12,Denmark
818,C0819,Michael Poole,1996-11-16,Austria
819,C0820,Megan Burns,1939-09-01,Italy
820,C0821,Debra Perry,1997-10-28,Belgium
821,C0822,Mark Beard,1999-11-05,Sweden
822,C0823,Jose Ramirez,1981-10-27,Sweden
823,C0824,Jackie Clements,1988-05-22,Italy
824,C0825,Aaron Schroeder,1941-01-12,Belgium
825,C0826,Monica Ellis,1980-10-22,Austria
826,C0827,Heather Brown,1995-11-25,Austria
827,C0828,Claudia Jordan,1999-12-23,Germany
828,C0829,Derrick Clayton,1942-01-26,Austria
829,C0830,Kenneth Knight,1999-10-30,Austria
830,C0831,Mr. Michael Williams,1968-08-08,Spain
831,C0832,Richard Stevens,1975-08-17,Finland
832,C0833,Scott Alexander,1979-10-25,Belgium
833,C0834,Tyler Harris,2002-01-07,Italy
834,C0835,Bonnie Santos,1998-11-08,Netherlands
835,C0836,Timothy Hill,1998-12-14,Netherlands
836,C0837,Danielle Watson,1971-01-22,Germany
837,C0838,Carol Sanders,1989-09-20,Finland
838,C0839,Michael Young,1954-02-13,Spain
839,C0840,Michele Smith,1950-02-12,Spain
840,C0841,Casey Perez,1996-08-28,Denmark
841,C0842,Alexandra Dominguez,1989-09-14,Italy
842,C0843,Virginia Henderson,1992-05-14,Sweden
843,C0844,Benjamin Reyes,1956-11-25,Germany
844,C0845,Ashley Edwards,1979-08-16,Netherlands
845,C0846,Breanna Ayala,1968-12-25,Denmark
846,C0847,Brandi Haney,1952-11-24,Spain
847,C0848,Joseph Smith,1978-04-13,Austria
848,C0849,Jessica Bowen,1963-06-03,Switzerland
849,C0850,Brittany Jenkins,1983-06-20,Netherlands
850,C0851,Shannon Miller,1953-10-13,Netherlands
851,C0852,Paul Lawrence,1977-05-04,Belgium
852,C0853,Victor Edwards,1994-10-13,Netherlands
853,C0854,Donald Miller,1949-10-22,Denmark
854,C0855,Lindsay Lawson,2001-04-08,Finland
855,C0856,Melissa Abbott,2002-01-18,Austria
856,C0857,Elizabeth Holmes,1977-11-14,France
857,C0858,Nicole Phillips,2000-06-01,Sweden
858,C0859,Steven Blevins,1970-04-22,Finland
859,C0860,Brian Porter MD,1966-10-29,Norway
860,C0861,Vanessa Hatfield,1966-04-21,Switzerland
861,C0862,Bonnie Valencia,1988-09-10,Sweden
862,C0863,Holly Vega,1979-01-18,Switzerland
863,C0864,Tiffany Townsend,1972-07-18,Sweden
864,C0865,Austin Baker,1984-09-29,Denmark
865,C0866,Antonio Mccormick,1952-11-12,Austria
866,C0867,Lori Mason,2001-02-16,Denmark
867,C0868,Michael Miller,1958-11-27,Italy
868,C0869,Lisa Ramirez,1954-01-26,Germany
869,C0870,Jorge Harris,1969-02-08,Germany
870,C0871,Kimberly Myers,1947-04-24,France
871,C0872,Sandra Becker,1968-08-22,Germany
872,C0873,Michael Blair,1948-07-26,Sweden
873,C0874,Amy Miller,1955-01-22,Sweden
874,C0875,Jesse Lynch,1940-06-19,Spain
875,C0876,Patrick Yang,1976-04-09,France
876,C0877,Michael Miles,1964-09-23,Belgium
877,C0878,Troy Mills,1950-02-16,Belgium
878,C0879,Michelle Jackson,1983-07-21,Switzerland
879,C0880,Richard Adams,1958-09-12,Norway
880,C0881,Patricia Johnson,2002-07-05,France
881,C0882,Denise Brown,1979-12-15,France
882,C0883,Laura Jones,1965-03-18,Netherlands
883,C0884,Ian Porter,1980-05-11,Finland
884,C0885,Holly Scott,1991-12-12,France
885,C0886,Kenneth Sharp,1981-01-25,France
886,C0887,Jordan Williams,1966-03-29,Spain
887,C0888,Dana Ruiz,1947-11-25,Denmark
888,C0889,Chris Velazquez,1962-03-17,Switzerland
889,C0890,Kristen Sloan,1960-12-02,Austria
890,C0891,Jennifer Morris,1948-07-05,Finland
891,C0892,Nathan Nelson,1947-03-15,France
892,C0893,Jake Shaw,1960-03-14,Spain
893,C0894,Cassie Brock,2001-10-27,France
894,C0895,Dr. Andrea Marshall,1989-08-06,Switzerland
895,C0896,Ryan Murphy,1954-03-25,Germany
896,C0897,Aimee Gonzalez,1982-03-01,France
897,C0898,Elizabeth Dean,1958-11-04,France
898,C0899,Kevin Snyder,1943-11-18,Denmark
899,C0900,Christie Mccullough,1964-04-11,Austria
900,C0901,Danielle Smith,1945-01-02,Germany
901,C0902,David Reed,1962-05-27,Germany
902,C0903,Sherry Tapia,1945-05-23,Sweden
903,C0904,Matthew Sweeney,1999-11-17,Netherlands
904,C0905,Ashley Moreno,1997-09-04,Netherlands
905,C0906,Johnathan Brown,2007-01-11,Germany
906,C0907,Michelle Davis DVM,1978-07-14,Finland
907,C0908,Kelly Haynes,1988-08-10,France
908,C0909,William Miller,1943-01-05,Italy
909,C0910,Casey Wilkins,1999-09-30,Denmark
910,C0911,Keith Graham,1945-09-22,Austria
911,C0912,Cynthia Green,2005-08-07,Sweden
912,C0913,Robert Haynes,1955-08-17,Netherlands
913,C0914,Emily Nelson,1940-04-08,Sweden
914,C0915,Dale Chan,1971-08-11,Sweden
915,C0916,Brittney Martin,1952-05-24,Belgium
916,C0917,Jason Herrera,1994-11-18,Germany
917,C0918,Christine Parker,1977-05-11,Norway
918,C0919,Bryan Moore,1940-04-19,Italy
919,C0920,Samantha Terry,1973-01-27,Belgium
920,C0921,Russell Murphy,1960-01-27,Austria
921,C0922,David Kelly,1975-08-27,France
922,C0923,Megan Green,1968-09-03,Belgium
923,C0924,Amanda Sullivan MD,2003-06-25,Spain
924,C0925,Danielle Murray,1959-02-10,Sweden
925,C0926,Brenda Smith,1947-07-28,Denmark
926,C0927,Vickie Anderson,2005-08-16,Germany
927,C0928,Jacqueline Mccoy,1996-11-30,Spain
928,C0929,Lauren Green,1964-11-04,Belgium
929,C0930,Alison Brown,1940-08-05,France
930,C0931,Jill Anderson,1979-08-28,Norway
931,C0932,Sandra Rivera,1947-04-09,Netherlands
932,C0933,Joel Jackson,1997-08-27,Switzerland
933,C0934,Samantha Foster,2003-05-12,Italy
934,C0935,Michael Thompson,2005-04-26,Norway
935,C0936,Cody Ramirez,1988-08-15,Spain
936,C0937,Amanda Harvey,1998-03-12,Germany
937,C0938,Edward Jenkins,1976-10-31,Spain
938,C0939,Amy Ramirez,1965-02-05,Finland
939,C0940,Curtis Wilkerson,1989-08-27,Finland
940,C0941,Lydia Pham,1996-11-29,Finland
941,C0942,Virginia Casey,1963-07-25,Belgium
942,C0943,Joshua Washington,1952-04-27,Belgium
943,C0944,Kathryn Price,1963-10-16,Norway
944,C0945,Francis Robinson,1957-03-08,Netherlands
945,C0946,Paula Brown,1972-12-31,Austria
946,C0947,Kendra Wang DVM,1978-02-16,Sweden
947,C0948,Ariel Sandoval,1959-01-13,Germany
948,C0949,Robert Stark,1959-07-10,Norway
949,C0950,Zachary Robinson,1970-04-15,Finland
950,C0951,Rebecca Kelly,1998-07-01,Switzerland
951,C0952,Sarah Thompson,1988-02-02,Finland
952,C0953,Renee Wolfe,1988-01-28,Italy
953,C0954,Alyssa Haynes,1961-06-28,Belgium
954,C0955,Kristy Hart,2007-03-06,Austria
955,C0956,William Keith,1961-04-05,Belgium
956,C0957,Eric Henry Jr.,1991-07-01,Germany
957,C0958,Daniel Fox,1952-01-07,Sweden
958,C0959,Thomas Harris,1942-01-30,Belgium
959,C0960,Mitchell Sellers,2004-06-26,Italy
960,C0961,Erica Johnson,1995-10-12,Norway
961,C0962,Sylvia Schroeder,1966-02-04,Netherlands
962,C0963,Shannon Yu,1970-01-20,Spain
963,C0964,Tom Foster,1996-10-30,France
964,C0965,Eric Taylor,1941-06-01,Denmark
965,C0966,Travis Conner,1959-05-28,Germany
966,C0967,Marie Thompson,1973-03-17,Switzerland
967,C0968,Melissa Mcfarland,1944-06-12,Belgium
968,C0969,Courtney Chapman,1986-01-05,Switzerland
969,C0970,Eric Barker,1954-03-23,Austria
970,C0971,Nicholas Rush,1998-02-09,Switzerland
971,C0972,Jenna Gamble,1975-10-02,Austria
972,C0973,Amanda Guzman,1981-12-25,Belgium
973,C0974,Tracy Walker,1990-03-12,Netherlands
974,C0975,Taylor Taylor,1957-03-05,Norway
975,C0976,Cynthia Haas,1959-03-07,Austria
976,C0977,Stephen Davis,1965-01-12,Denmark
977,C0978,Margaret Tanner,1990-03-14,Italy
978,C0979,Derek Wright,1981-12-14,Italy
979,C0980,David Rodriguez,1985-01-24,Italy
980,C0981,James Oconnor,1969-08-29,Denmark
981,C0982,Stacey Snyder,1944-11-04,France
982,C0983,Joshua Garcia,1966-02-09,Switzerland
983,C0984,Sean Curtis,1957-02-17,Belgium
984,C0985,Carla Jones,1981-10-17,Sweden
985,C0986,Elizabeth Flores,1983-09-01,Sweden
986,C0987,Angela Jackson,2003-12-18,Finland
987,C0988,Nicholas Payne,1981-01-04,Switzerland
988,C0989,Anna Wheeler,1999-01-15,Denmark
989,C0990,Karen Johnson,1944-06-15,Denmark
990,C0991,Carmen Preston,1969-04-18,Switzerland
991,C0992,Brian Harris,1988-01-11,Spain
992,C0993,Michael Bowen,1997-12-26,Norway
993,C0994,Deborah Campbell,1945-10-31,Spain
994,C0995,Anthony Armstrong,1942-09-06,Spain
995,C0996,Brittany Ward,2003-02-08,Finland
996,C0997,Edward Stanley,1997-06-18,France
997,C0998,Christina Johnson,1962-05-28,Denmark
998,C0999,Edgar Miller,2001-10-27,Denmark
999,C1000,Elizabeth Sanders,1956-03-06,Spain
